{
  "1": {
    "value": 64.5208252345042,
    "params": {
      "k": 2,
      "g": 6,
      "lamb": 3.4826383883953036e-05,
      "lamb_entropy": 1.0317426399896716e-07,
      "model_seed": 4
    },
    "user_attrs": {
      "edges": 11,
      "error": 2.646281028435394,
      "hidden": 1,
      "stddev": 8.36827537874865
    }
  },
  "2": {
    "value": 64.26217225603348,
    "params": {
      "k": 2,
      "g": 3,
      "lamb": 0.0003473318796475593,
      "lamb_entropy": 6.293603936080096e-05,
      "model_seed": 9
    },
    "user_attrs": {
      "edges": 22,
      "error": 3.114803636553421,
      "hidden": 2,
      "stddev": 9.849873955684112
    }
  },
  "3": {
    "value": 66.83821302471674,
    "params": {
      "k": 1,
      "g": 4,
      "lamb": 3.076239864780057e-07,
      "lamb_entropy": 2.670698972197515e-07,
      "model_seed": 4
    },
    "user_attrs": {
      "edges": 33,
      "error": 3.7609464432295168,
      "hidden": 3,
      "stddev": 11.893156918514425
    }
  },
  "4": {
    "value": 63.71473890931834,
    "params": {
      "k": 4,
      "g": 6,
      "lamb": 1.2969904294067176e-05,
      "lamb_entropy": 1.5694094373265574e-07,
      "model_seed": 2
    },
    "user_attrs": {
      "edges": 44,
      "error": 3.2074804067099842,
      "hidden": 4,
      "stddev": 10.142943635566771
    }
  },
  "6": {
    "value": 58.87401131411998,
    "params": {
      "k": 2,
      "g": 5,
      "lamb": 0.00038572877121487425,
      "lamb_entropy": 0.0011671124800997975,
      "model_seed": 4
    },
    "user_attrs": {
      "edges": 66,
      "error": 3.2587969670703907,
      "hidden": 6,
      "stddev": 10.305220847991167
    }
  },
  "8": {
    "value": 57.897927103801806,
    "params": {
      "k": 2,
      "g": 5,
      "lamb": 0.005244536804761102,
      "lamb_entropy": 1.5939280594746947e-07,
      "model_seed": 4
    },
    "user_attrs": {
      "edges": 88,
      "error": 2.9355418086036504,
      "hidden": 8,
      "stddev": 9.282998281837605
    }
  },
  "10": {
    "value": 60.18571253533939,
    "params": {
      "k": 2,
      "g": 5,
      "lamb": 0.007576232403035202,
      "lamb_entropy": 0.0009371920369624583,
      "model_seed": 7
    },
    "user_attrs": {
      "edges": 110,
      "error": 2.826891258151918,
      "hidden": 10,
      "stddev": 8.939415073379093
    }
  },
  "15": {
    "value": 58.66769758055291,
    "params": {
      "k": 3,
      "g": 5,
      "lamb": 1.047992838735562e-06,
      "lamb_entropy": 0.00019874309199599823,
      "model_seed": 7
    },
    "user_attrs": {
      "edges": 165,
      "error": 3.7594985828457927,
      "hidden": 15,
      "stddev": 11.888578381967932
    }
  },
  "20": {
    "value": 55.64647078464253,
    "params": {
      "k": 3,
      "g": 6,
      "lamb": 0.022532239089726184,
      "lamb_entropy": 5.358560477561791e-06,
      "model_seed": 7
    },
    "user_attrs": {
      "edges": 220,
      "error": 2.5997787707284465,
      "hidden": 20,
      "stddev": 8.221222328054578
    }
  },
  "25": {
    "value": 56.10341115284156,
    "params": {
      "k": 1,
      "g": 4,
      "lamb": 0.01417434657548479,
      "lamb_entropy": 1.1373945033505443e-06,
      "model_seed": 8
    },
    "user_attrs": {
      "edges": 275,
      "error": 3.2518174644024005,
      "hidden": 25,
      "stddev": 10.283149722625096
    }
  },
  "30": {
    "value": 56.84449586468321,
    "params": {
      "k": 2,
      "g": 6,
      "lamb": 0.008258649769707272,
      "lamb_entropy": 4.4524508946359526e-05,
      "model_seed": 8
    },
    "user_attrs": {
      "edges": 330,
      "error": 2.024615270294097,
      "hidden": 30,
      "stddev": 6.402395639686788
    }
  }
}